{
    "Boston-Housing-Pipeline":{
    "isSplit": false,
    "annotations":[
        {"name":"train-model",
        "resource":{
                "cpu":"1",
                "gpu":"1",
                "memory":"1G"
                }},
        {"name":"test-model",
        "resource":{
                "cpu":"1",
                "gpu":"1",
                "memory":"1G"
                }},
        {"name":"deploy-model",
        "resource":{
                "cpu":"1",
                "gpu":"1",
                "memory":"1G"
                }}
        ]
    }
}