{
    "ml-comparison-pipeline-1.0":{
    "isSplit": false,
    "annotations":[
        {"name":"preprocessing-uci-secom-dataset",
        "resource":{
                "cpu":"1",
                "gpu":"1",
                "memory":"1G"
                }},
        {"name":"training-elliptic-envelop-model",
        "resource":{
                "cpu":"1",
                "gpu":"1",
                "memory":"1G"
                }},
        {"name":"training-isolation-forest-model",
        "resource":{
                "cpu":"1",
                "gpu":"1",
                "memory":"1G"
                }},
        {"name":"training-lof-model",
        "resource":{
                "cpu":"1",
                "gpu":"1",
                "memory":"1G"
                }},
        {"name":"training-one-class-svm-model",
        "resource":{
                "cpu":"1",
                "gpu":"1",
                "memory":"1G"
                }}
        ]
    }
}