{
    "mnist-using-arcface":{
    "isSplit": false,
    "annotations":[
        {"name":"load-preprocess-data-pipeline",
        "resource":{
                "cpu":"1",
                "gpu":"1",
                "memory":"4G"
                }},
        {"name":"validate-data-pipeline",
        "resource":{
                "cpu":"1",
                "gpu":"1",
                "memory":"10G"
                }},
        {"name":"train-embedding-model",
        "resource":{
                "cpu":"2",
                "gpu":"1", 
                "memory":"5G"
                }},
        {"name":"embedding-data-using-embedding-model",
        "resource":{
                "cpu":"2",
                "gpu":"1",
                "memory":"15G"
                }},
        {"name":"train-faiss",
        "resource":{
                "cpu":"2",
                "gpu":"1",
                "memory":"5G"
                }},
        {"name":"analysis-total",
        "resource":{
                "cpu":"1",
                "gpu":"1",
                "memory":"10G"
                }}
        ]
    }
}